[
    {
        "link": "https://juejin.im/post/5b8fda396fb9a05d2c438654",
        "title": "iOS 编写高质量Objective-C代码（五）",
        "name": "QiShare"
    },
    {
        "link": "https://juejin.im/post/5b90e3ae6fb9a05d00458ad8",
        "title": "[译]在 iOS 中使用 UITests 测试 Facebook 登录功能",
        "name": "gatsby.xia"
    },
    {
        "link": "https://juejin.im/entry/5b8f9288f265da0aff171438",
        "title": "深入理解Objective-C：Category",
        "name": "jackyshan_"
    },
    {
        "link": "https://juejin.im/post/5b8e244a51882542f406e263",
        "title": "马甲包指南 - 攻克 App Store 4.3 条款",
        "name": "KyXu"
    },
    {
        "link": "https://juejin.im/post/5b8f8e726fb9a05d185ec651",
        "title": "手把手教你查看和分析iOS的crash崩溃",
        "name": "欧阳大哥2013"
    },
    {
        "link": "https://juejin.im/post/5b8fdabef265da0a8f359d61",
        "title": "二级指针与ARC不为人知的特性",
        "name": "从来吃不胖"
    },
    {
        "link": "https://juejin.im/post/5b8ce76f51882542c0626887",
        "title": "Flutter快速上车之Widget",
        "name": "闲鱼技术"
    },
    {
        "link": "https://juejin.im/post/5b815e516fb9a019b421cd9a",
        "title": "与OpenGL ES的第一次约会",
        "name": "金小俊"
    },
    {
        "link": "https://juejin.im/post/5b8fda5ce51d450e664afb2f",
        "title": "你对@synthesize混淆了吗？",
        "name": "从来吃不胖"
    },
    {
        "link": "https://juejin.im/post/5b8be6c86fb9a019d9247b2a",
        "title": "iOS性能优化之页面加载速率",
        "name": "菠萝ngmm"
    },
    {
        "link": "https://juejin.im/post/5b8c91676fb9a019ed7b9b85",
        "title": "老司机 iOS 周报 #34 | 2018-09-03",
        "name": "老司机iOS周报"
    },
    {
        "link": "https://juejin.im/post/5b8e75a46fb9a019f928e678",
        "title": "[译] Flutter 的 Heroes 和 Villains —— 为 Flutterverse 带来平衡",
        "name": "DateBro"
    },
    {
        "link": "https://juejin.im/post/5b860a046fb9a019b869b141",
        "title": "做到这些，让BAT的offer不再难拿",
        "name": "RiverLi"
    },
    {
        "link": "https://juejin.im/post/5b8cf3b2f265da435d6ef7ab",
        "title": "一键修改 xib storyboard 控件颜色空间(colorSpace)",
        "name": "灬C灬C灬"
    },
    {
        "link": "https://juejin.im/entry/5b8e7da8e51d4538c4120af1",
        "title": "Flutter 移动应用开发 #5：Container（容器）",
        "name": "宁皓网"
    },
    {
        "link": "https://juejin.im/post/5b8a7e3251882543010414db",
        "title": "谈谈如何设计一个 Network->Model 组件",
        "name": "薛定諤"
    },
    {
        "link": "https://juejin.im/post/5b8c8c00e51d4538884d3827",
        "title": "LLIconVersioning-一个可以创建app版本信息icon的脚本",
        "name": "HDB_Li"
    },
    {
        "link": "https://juejin.im/post/5b801cede51d4538a108af56",
        "title": "基于ARKit的iOS无限屏实现，还原锤子发布会效果",
        "name": "Soulghost"
    },
    {
        "link": "https://juejin.im/post/5b87a115f265da435a48686c",
        "title": "理发店与 App 定价模型",
        "name": "KyXu"
    }
]