[
    {
        "title": "拒绝渡轮公司涨薪提议 希腊海员再次发起罢工",
        "link": "https://www.cgw.gr/news/JuJueDuLunGongSiZhangXinTiYiXiLaHaiYuanZaiCiFaQiBaGong.html",
        "date": "2018-09-04"
    },
    {
        "title": "希腊欲暂停养老金削减遭欧元区泼冷水",
        "link": "https://www.cgw.gr/news/XiLaYuZanTingYangLaoJinXueJianZaoOuYuanQuPoLengShui.html",
        "date": "2018-09-04"
    },
    {
        "title": "意想不到！一游泳者在海滩发现了文物！",
        "link": "https://www.cgw.gr/news/YiXiangBuDaoYiYouYongZheZaiHaiTanFaXianLeWenWu.html",
        "date": "2018-09-04"
    },
    {
        "title": "厉害了！希腊纳克索斯岛打破一项世界纪录",
        "link": "https://www.cgw.gr/news/LiHaiLeXiLaNaKeSuoSiDaoDaPoYiXiangShiJieJiLu.html",
        "date": "2018-09-04"
    },
    {
        "title": "希腊父母注重教育 私立学校学生人数增长",
        "link": "https://www.cgw.gr/news/XiLaFuMuZhuZhongJiaoYuSiLiXueXiaoXueShengRenShuZengChang.html",
        "date": "2018-09-04"
    },
    {
        "title": "国际儿童读物联盟第36届世界大会在希举行  中国人首次当选主席",
        "link": "https://www.cgw.gr/news/GuoJiErTongDuWuLianMengDi36JieShiJieDaHuiZaiXiJuXingZhongGuoRenShouCiDangXuanZhuXi.html",
        "date": "2018-09-03"
    },
    {
        "title": "不堪负荷 希腊圣托里尼岛将限制游客数",
        "link": "https://www.cgw.gr/news/BuKanFuHeXiLaShengTuoLiNiDaoJiangXianZhiYouKeShu.html",
        "date": "2018-09-03"
    },
    {
        "title": "土希这对“老冤家”能否翻开双边关系“新篇章”",
        "link": "https://www.cgw.gr/news/TuXiZheDuiLaoYuanJiaNengFouFanKaiShuangBianGuanXiXinPianZhang.html",
        "date": "2018-09-03"
    },
    {
        "title": "海外浙商闪耀北京人民大会堂",
        "link": "https://www.cgw.gr/news/HaiWaiZheShangShanYaoBeiJingRenMinDaHuiTang.html",
        "date": "2018-09-03"
    },
    {
        "title": "历史托重任 未来冀可期 | 旅希华侨华人热烈欢迎章启月大使履新",
        "link": "https://www.cgw.gr/news/LiShiTuoZhongRenWeiLaiJiKeQiLvXiHuaQiaoHuaRenReLieHuanYingZhangQiYueDaShiLvXin.html",
        "date": "2018-09-03"
    },
    {
        "title": "驻希腊使馆领事部在雅典现场办公受侨胞欢迎",
        "link": "https://www.cgw.gr/news/ZhuXiLaShiGuanLingShiBuZaiYaDianXianChangBanGongShouQiaoBaoHuanYing.html",
        "date": "2018-09-03"
    },
    {
        "title": "欧元区７月份失业率保持稳定",
        "link": "https://www.cgw.gr/news/OuYuanQuYueFenShiYeLvBaoChiWenDing.html",
        "date": "2018-09-01"
    },
    {
        "title": "希腊推行电子门票效果理想",
        "link": "https://www.cgw.gr/news/XiLaTuiXingDianZiMenPiaoXiaoGuoLiXiang.html",
        "date": "2018-09-01"
    },
    {
        "title": "今年希腊近百万房屋业主面临更高税款",
        "link": "https://www.cgw.gr/news/JinNianXiLaJinBaiWanFangWuYeZhuMianLinGengGaoShuiKuan.html",
        "date": "2018-09-01"
    },
    {
        "title": "希腊Airbnb监管平台启用",
        "link": "https://www.cgw.gr/news/XiLaAirbnbJianGuanPingTaiQiYong.html",
        "date": "2018-09-01"
    },
    {
        "title": "希腊外长：“一带一路”倡议表明中国有意愿有能力推动建设更加美好的世界",
        "link": "https://www.cgw.gr/news/XiLaWaiChangYiDaiYiLuChangYiBiaoMingZhongGuoYouYiYuanYouNengLiTuiDongJianSheGengJiaMeiHaoDeShiJie.html",
        "date": "2018-08-31"
    },
    {
        "title": "协助蛇头？三名NGO成员希腊落网",
        "link": "https://www.cgw.gr/news/XieZhuSheTouSanMingNGOChengYuanXiLaLuoWang.html",
        "date": "2018-08-31"
    },
    {
        "title": "希腊政府新内阁宣誓就职",
        "link": "https://www.cgw.gr/news/XiLaZhengFuXinNeiGeXuanShiJiuZhi.html",
        "date": "2018-08-31"
    },
    {
        "title": "希腊又一豪华度假村开建在即",
        "link": "https://www.cgw.gr/news/XiLaYouYiHaoHuaDuJiaCunKaiJianZaiJi.html",
        "date": "2018-08-31"
    },
    {
        "title": "希腊多市将迎来天然气时代",
        "link": "https://www.cgw.gr/news/XiLaDuoShiJiangYingLaiTianRanQiShiDai.html",
        "date": "2018-08-31"
    },
    {
        "title": "出行请注意！下周一希腊海员将举行大罢工",
        "link": "https://www.cgw.gr/news/ChuXingQingZhuYiXiaZhouYiXiLaHaiYuanJiangJuXingDaBaGong.html",
        "date": "2018-08-31"
    },
    {
        "title": "行走“一带一路”·希腊比雷埃夫斯港：中希打造共赢之路",
        "link": "https://www.cgw.gr/news/XingZouYiDaiYiLuXiLaBiLeiAiFuSiGangZhongXiDaZaoGongYingZhiLu.html",
        "date": "2018-08-30"
    },
    {
        "title": "希腊大部地区遭遇雷雨大风天气",
        "link": "https://www.cgw.gr/news/XiLaDaBuDeQuZaoYuLeiYuDaFengTianQi.html",
        "date": "2018-08-30"
    },
    {
        "title": "驻希腊大使章启月会见国际菁英会主席一行",
        "link": "https://www.cgw.gr/news/ZhuXiLaDaShiZhangQiYueHuiJianGuoJiJingYingHuiZhuXiYiXing.html",
        "date": "2018-08-30"
    },
    {
        "title": "综述：“一带一路”建设让希腊最大港口焕发活力",
        "link": "https://www.cgw.gr/news/ZongShuYiDaiYiLuJianSheRangXiLaZuiDaGangKouHuanFaHuoLi.html",
        "date": "2018-08-30"
    }
]